title,price,rating,reviews,availability
PlayStation 5 Console CFI-1215A01X,,4.8 out of 5 stars,"2,251 ratings",In Stock
PlayStation PS5 Console – God of War Ragnarök Bundle,,4.8 out of 5 stars,"6,441 ratings",In Stock
PlayStation 5 Console CFI-1215A01X,,4.8 out of 5 stars,"2,251 ratings",In Stock
PlayStation 5 Console (Renewed),,Previous page of related Sponsored Products,,Currently unavailable.
FIFA 23 Standard Edition Playstation 5 (PS5)| English | Import Region Free,,4.6 out of 5 stars,"1,419 ratings",Not Available
Call of Duty: Modern Warfare II - PS5 - Playstation 5 - Import Region Free,,4.5 out of 5 stars,"1,850 ratings",Not Available
Sonic Origins Plus - PlayStation 5,,Previous page of related Sponsored Products,,"This item will be released on June 23, 2023."
PlayStation 5 Digital Edition,,4.9 out of 5 stars,"7,192 ratings",
PlayStation PS5 Console – God of War Ragnarök Bundle,,4.8 out of 5 stars,"6,441 ratings",In Stock
PS5 Digital Edition- Horizon Forbidden West Bundle,,4.8 out of 5 stars,520 ratings,
PlayStation DualSense Wireless Controller - Starlight Blue - PlayStation 5,,4.8 out of 5 stars,"71,225 ratings",Not Available
"G-STORY 12.5‘’ Portable Monitor for Xbox Series S, 1080P Portable Gaming Monitor IPS Screen for Xbox Series S（not Included） with Two HDMI, HDR, Freesync, Game Mode, Travel Monitor for Xbox Series S",,4.4 out of 5 stars,245 ratings,Not Available
PlayStation 4 Slim 500GB Console [Discontinued] (Renewed),,4.5 out of 5 stars,"1,259 ratings",Currently unavailable.
PlayStation 4 Slim 1TB Console - Black (Renewed),,4.5 out of 5 stars,"1,220 ratings",Not Available
Sony PlayStation 2 Console - Black (Renewed),,4.4 out of 5 stars,"1,131 ratings",Not Available
Sony PlayStation 4 Slim Limited Edition 1TB Gaming Console,,4.3 out of 5 stars,"1,041 ratings",Not Available
PlayStation 2 Slim Console PS2 (Renewed),,4.2 out of 5 stars,954 ratings,Not Available
"Playstation SONY 4, 500GB Slim System [CUH-2215AB01], Black, 3003347 (Renewed)",,4.7 out of 5 stars,332 ratings,Not Available
Playstation 2 Console - Black (Renewed),,4.2 out of 5 stars,314 ratings,Not Available
PlayStation 4 Slim 1TB Console - Marvels Spider-Man Bundle (Renewed),,4.4 out of 5 stars,308 ratings,Not Available
"Razer Hammerhead HyperSpeed Wireless Multi-Platform Gaming Earbuds for Playstation 5 / PS5, PC, Mobile: ANC - Noise Cancelling Mic - Bluetooth 5.2 - RGB Chroma - 30 Hr Battery",,3.9 out of 5 stars,9 ratings,Available to ship in 1-2 days
"PS5 Stand with 2 Cooling Fan, Dual Fast PS5 Controller Charging Station with 3 Extra USB Ports, PS5 Cooling Station PS5 Accessories Vertical Stand for Sony Playstation 5 Dualsense/Digital/Disc Edition",,4.3 out of 5 stars,"1,149 ratings",Not Available
Qanba Titan Joystick for PlayStation 5 and PlayStation 4 and PC (Fighting Stick) Officially Licensed Sony Product,,Previous page of related Sponsored Products,,"This item will be released on May 1, 2023."
"PS5 Controller Charger Station, PS5 Charging Station with Fast Charging AC Adapter 5V/3A, Dual Controller Charging Stand for Playstation 5, Docking Station Replacement for DualSense Charging Station",,4.7 out of 5 stars,"12,984 ratings",Not Available
Aliens: Dark Descent PS5,,Previous page of related Sponsored Products,,"This item will be released on June 20, 2023."
Qanba Obsidian 2 Joystick for PlayStation 5 and PlayStation 4 and PC (Fighting Stick) Officially Licensed Sony Product,,Previous page of related Sponsored Products,,"This item will be released on May 1, 2023."
Meta Quest 2 — Advanced All-In-One Virtual Reality Headset — 256 GB Get Meta Quest 2 with GOLF+ and Space Pirate Trainer DX included,,4.7 out of 5 stars,"80,430 ratings",In Stock
"Disc Edition Face Plates Cover Skins Shell Panels for PS5 Console, Playstation 5 Accessories Faceplate Protective Shell Replacement Plate Dustproof Anti-Scratch (Disc Starlight Blue)",,4.5 out of 5 stars,79 ratings,Not Available
Playstation Media Remote,,4.6 out of 5 stars,"9,611 ratings",In Stock
"HONCAM Wireless Gaming Headset with Microphone, 2.4G/Bluetooth/3.5mm 3 in 1 Stereo Gaming Headsets, PS5 Accessories Headphones Wireless Bluetooth,Suitable for PC PS4 Playstation 5, Smart Phone Laptop",,4.0 out of 5 stars,2 ratings,Not Available
